code,company,industry,symbol,series,isinCode
1,3M India Ltd.,SERVICES,3MINDIA,EQ,INE470A01017
2,ACC Ltd.,CEMENT & CEMENT PRODUCTS,ACC,EQ,INE012A01025
3,AIA Engineering Ltd.,INDUSTRIAL MANUFACTURING,AIAENG,EQ,INE212H01026
4,APL Apollo Tubes Ltd.,METALS,APLAPOLLO,EQ,INE702C01019
5,AU Small Finance Bank Ltd.,FINANCIAL SERVICES,AUBANK,EQ,INE949L01017
6,Aavas Financiers Ltd.,FINANCIAL SERVICES,AAVAS,EQ,INE216P01012
7,Abbott India Ltd.,PHARMA,ABBOTINDIA,EQ,INE358A01014
8,Adani Gas Ltd.,ENERGY,ADANIGAS,EQ,INE399L01023
9,Adani Green Energy Ltd.,ENERGY,ADANIGREEN,EQ,INE364U01010
10,Adani Ports and Special Economic Zone Ltd.,SERVICES,ADANIPORTS,EQ,INE742F01042
11,Adani Power Ltd.,ENERGY,ADANIPOWER,EQ,INE814H01011
12,Adani Transmission Ltd.,ENERGY,ADANITRANS,EQ,INE931S01010
13,Aditya Birla Capital Ltd.,FINANCIAL SERVICES,ABCAPITAL,EQ,INE674K01013
14,Aditya Birla Fashion and Retail Ltd.,CONSUMER GOODS,ABFRL,EQ,INE647O01011
15,Advanced Enzyme Tech Ltd.,CONSUMER GOODS,ADVENZYMES,EQ,INE837H01020
16,Aegis Logistics Ltd.,ENERGY,AEGISCHEM,EQ,INE208C01025
17,Ajanta Pharmaceuticals Ltd.,PHARMA,AJANTPHARM,EQ,INE031B01049
18,Akzo Nobel India Ltd.,CONSUMER GOODS,AKZOINDIA,EQ,INE133A01011
19,Alembic Pharmaceuticals Ltd.,PHARMA,APLLTD,EQ,INE901L01018
20,Alkem Laboratories Ltd.,PHARMA,ALKEM,EQ,INE540L01014
21,Allahabad Bank,FINANCIAL SERVICES,ALBK,EQ,INE428A01015
22,Allcargo Logistics Ltd.,SERVICES,ALLCARGO,EQ,INE418H01029
23,Amara Raja Batteries Ltd.,AUTOMOBILE,AMARAJABAT,EQ,INE885A01032
24,Amber Enterprises India Ltd.,CONSUMER GOODS,AMBER,EQ,INE371P01015
25,Ambuja Cements Ltd.,CEMENT & CEMENT PRODUCTS,AMBUJACEM,EQ,INE079A01024
26,Andhra Bank,FINANCIAL SERVICES,ANDHRABANK,EQ,INE434A01013
27,Apollo Hospitals Enterprise Ltd.,HEALTHCARE SERVICES,APOLLOHOSP,EQ,INE437A01024
28,Apollo Tyres Ltd.,AUTOMOBILE,APOLLOTYRE,EQ,INE438A01022
29,Arvind Fashions Ltd.,CONSUMER GOODS,ARVINDFASN,EQ,INE955V01021
30,Ashok Leyland Ltd.,AUTOMOBILE,ASHOKLEY,EQ,INE208A01029
31,Ashoka Buildcon Ltd.,CONSTRUCTION,ASHOKA,EQ,INE442H01029
32,Asian Paints Ltd.,CONSUMER GOODS,ASIANPAINT,EQ,INE021A01026
33,Aster DM Healthcare Ltd.,HEALTHCARE SERVICES,ASTERDM,EQ,INE914M01019
34,AstraZenca Pharma India Ltd.,PHARMA,ASTRAZEN,EQ,INE203A01020
35,Astral Poly Technik Ltd.,INDUSTRIAL MANUFACTURING,ASTRAL,EQ,INE006I01046
36,Atul Ltd.,CHEMICALS,ATUL,EQ,INE100A01010
37,Aurobindo Pharma Ltd.,PHARMA,AUROPHARMA,EQ,INE406A01037
38,Avanti Feeds Ltd.,CONSUMER GOODS,AVANTIFEED,EQ,INE871C01038
39,Avenue Supermarts Ltd.,CONSUMER GOODS,DMART,EQ,INE192R01011
40,Axis Bank Ltd.,FINANCIAL SERVICES,AXISBANK,EQ,INE238A01034
41,BASF India Ltd.,CHEMICALS,BASF,EQ,INE373A01013
42,BEML Ltd.,INDUSTRIAL MANUFACTURING,BEML,EQ,INE258A01016
43,BSE Ltd.,FINANCIAL SERVICES,BSE,EQ,INE118H01025
44,Bajaj Auto Ltd.,AUTOMOBILE,BAJAJ-AUTO,EQ,INE917I01010
45,Bajaj Consumer Care Ltd.,CONSUMER GOODS,BAJAJCON,EQ,INE933K01021
46,Bajaj Electricals Ltd,CONSUMER GOODS,BAJAJELEC,EQ,INE193E01025
47,Bajaj Finance Ltd.,FINANCIAL SERVICES,BAJFINANCE,EQ,INE296A01024
48,Bajaj Finserv Ltd.,FINANCIAL SERVICES,BAJAJFINSV,EQ,INE918I01018
49,Bajaj Holdings & Investment Ltd.,FINANCIAL SERVICES,BAJAJHLDNG,EQ,INE118A01012
50,Balkrishna Industries Ltd.,AUTOMOBILE,BALKRISIND,EQ,INE787D01026
51,Balmer Lawrie & Co. Ltd.,SERVICES,BALMLAWRIE,EQ,INE164A01016
52,Balrampur Chini Mills Ltd.,CONSUMER GOODS,BALRAMCHIN,EQ,INE119A01028
53,Bandhan Bank Ltd.,FINANCIAL SERVICES,BANDHANBNK,EQ,INE545U01014
54,Bank of Baroda,FINANCIAL SERVICES,BANKBARODA,EQ,INE028A01039
55,Bank of India,FINANCIAL SERVICES,BANKINDIA,EQ,INE084A01016
56,Bank of Maharashtra.,FINANCIAL SERVICES,MAHABANK,EQ,INE457A01014
57,Bata India Ltd.,CONSUMER GOODS,BATAINDIA,EQ,INE176A01028
58,Bayer Cropscience Ltd.,FERTILISERS & PESTICIDES,BAYERCROP,EQ,INE462A01022
59,Berger Paints India Ltd.,CONSUMER GOODS,BERGEPAINT,EQ,INE463A01038
60,Bharat Dynamics Ltd.,INDUSTRIAL MANUFACTURING,BDL,EQ,INE171Z01018
61,Bharat Electronics Ltd.,INDUSTRIAL MANUFACTURING,BEL,EQ,INE263A01024
62,Bharat Forge Ltd.,INDUSTRIAL MANUFACTURING,BHARATFORG,EQ,INE465A01025
63,Bharat Heavy Electricals Ltd.,INDUSTRIAL MANUFACTURING,BHEL,EQ,INE257A01026
64,Bharat Petroleum Corporation Ltd.,ENERGY,BPCL,EQ,INE029A01011
65,Bharti Airtel Ltd.,TELECOM,BHARTIARTL,EQ,INE397D01024
66,Bharti Infratel Ltd.,TELECOM,INFRATEL,EQ,INE121J01017
67,Biocon Ltd.,PHARMA,BIOCON,EQ,INE376G01013
68,Birla Corporation Ltd.,CEMENT & CEMENT PRODUCTS,BIRLACORPN,EQ,INE340A01012
69,Birlasoft Ltd.,IT,BSOFT,EQ,INE836A01035
70,Bliss GVS Pharma Ltd.,PHARMA,BLISSGVS,EQ,INE416D01022
71,Blue Dart Express Ltd.,SERVICES,BLUEDART,EQ,INE233B01017
72,Blue Star Ltd.,CONSUMER GOODS,BLUESTARCO,EQ,INE472A01039
73,Bombay Burmah Trading Corporation Ltd.,CONSUMER GOODS,BBTC,EQ,INE050A01025
74,Bombay Dyeing & Manufacturing Co. Ltd.,TEXTILES,BOMDYEING,EQ,INE032A01023
75,Bosch Ltd.,AUTOMOBILE,BOSCHLTD,EQ,INE323A01026
76,Brigade Enterprises Ltd.,CONSTRUCTION,BRIGADE,EQ,INE791I01019
77,Britannia Industries Ltd.,CONSUMER GOODS,BRITANNIA,EQ,INE216A01030
78,CARE Ratings Ltd.,FINANCIAL SERVICES,CARERATING,EQ,INE752H01013
79,CCL Products (I) Ltd.,CONSUMER GOODS,CCL,EQ,INE421D01022
80,CESC Ltd.,ENERGY,CESC,EQ,INE486A01013
81,CG Power and Industrial Solutions Ltd.,INDUSTRIAL MANUFACTURING,CGPOWER,EQ,INE067A01029
82,CRISIL Ltd.,FINANCIAL SERVICES,CRISIL,EQ,INE007A01025
83,Cadila Healthcare Ltd.,PHARMA,CADILAHC,EQ,INE010B01027
84,Can Fin Homes Ltd.,FINANCIAL SERVICES,CANFINHOME,EQ,INE477A01020
85,Canara Bank,FINANCIAL SERVICES,CANBK,EQ,INE476A01014
86,Caplin Point Laboratories Ltd.,PHARMA,CAPLIPOINT,EQ,INE475E01026
87,Capri Global Capital Ltd.,FINANCIAL SERVICES,CGCL,EQ,INE180C01026
88,Carborundum Universal Ltd.,INDUSTRIAL MANUFACTURING,CARBORUNIV,EQ,INE120A01034
89,Castrol India Ltd.,ENERGY,CASTROLIND,EQ,INE172A01027
90,Ceat Ltd.,AUTOMOBILE,CEATLTD,EQ,INE482A01020
91,Central Bank of India,FINANCIAL SERVICES,CENTRALBK,EQ,INE483A01010
92,Central Depository Services (India) Ltd.,FINANCIAL SERVICES,CDSL,EQ,INE736A01011
93,Century Plyboards (India) Ltd.,CONSUMER GOODS,CENTURYPLY,EQ,INE348B01021
94,Cera Sanitaryware Ltd,CONSTRUCTION,CERA,EQ,INE739E01017
95,Chalet Hotels Ltd.,SERVICES,CHALET,EQ,INE427F01016
96,Chambal Fertilizers & Chemicals Ltd.,FERTILISERS & PESTICIDES,CHAMBLFERT,EQ,INE085A01013
97,Chennai Petroleum Corporation Ltd.,ENERGY,CHENNPETRO,EQ,INE178A01016
98,Cholamandalam Financial Holdings Ltd.,FINANCIAL SERVICES,CHOLAHLDNG,EQ,INE149A01033
99,Cholamandalam Investment and Finance Company Ltd.,FINANCIAL SERVICES,CHOLAFIN,EQ,INE121A01024
100,Cipla Ltd.,PHARMA,CIPLA,EQ,INE059A01026
101,City Union Bank Ltd.,FINANCIAL SERVICES,CUB,EQ,INE491A01021
102,Coal India Ltd.,METALS,COALINDIA,EQ,INE522F01014
103,Cochin Shipyard Ltd.,INDUSTRIAL MANUFACTURING,COCHINSHIP,EQ,INE704P01017
104,Coffee Day Enterprises Ltd.,CONSUMER GOODS,COFFEEDAY,EQ,INE335K01011
105,Colgate Palmolive (India) Ltd.,CONSUMER GOODS,COLPAL,EQ,INE259A01022
106,Container Corporation of India Ltd.,SERVICES,CONCOR,EQ,INE111A01025
107,Coromandel International Ltd.,FERTILISERS & PESTICIDES,COROMANDEL,EQ,INE169A01031
108,Corporation Bank,FINANCIAL SERVICES,CORPBANK,EQ,INE112A01023
109,Cox & Kings Ltd.,SERVICES,COX&KINGS,EQ,INE008I01026
110,CreditAccess Grameen Ltd.,FINANCIAL SERVICES,CREDITACC,EQ,INE741K01010
111,Crompton Greaves Consumer Electricals Ltd.,CONSUMER GOODS,CROMPTON,EQ,INE299U01018
112,Cummins India Ltd.,INDUSTRIAL MANUFACTURING,CUMMINSIND,EQ,INE298A01020
113,Cyient Ltd.,IT,CYIENT,EQ,INE136B01020
114,D.B.Corp Ltd.,MEDIA & ENTERTAINMENT,DBCORP,EQ,INE950I01011
115,DCB Bank Ltd.,FINANCIAL SERVICES,DCBBANK,EQ,INE503A01015
116,DCM Shriram Ltd.,CONSUMER GOODS,DCMSHRIRAM,EQ,INE499A01024
117,DLF Ltd.,CONSTRUCTION,DLF,EQ,INE271C01023
118,Dabur India Ltd.,CONSUMER GOODS,DABUR,EQ,INE016A01026
119,Dalmia Bharat Ltd.,CEMENT & CEMENT PRODUCTS,DALBHARAT,EQ,INE00R701025
120,Deepak Nitrite Ltd.,CHEMICALS,DEEPAKNTR,EQ,INE288B01029
121,Delta Corp Ltd.,SERVICES,DELTACORP,EQ,INE124G01033
122,Den Networks Ltd.,MEDIA & ENTERTAINMENT,DEN,BE,INE947J01015
123,Dewan Housing Finance Corporation Ltd.,FINANCIAL SERVICES,DHFL,EQ,INE202B01012
124,Dilip Buildcon Ltd.,CONSTRUCTION,DBL,EQ,INE917M01012
125,Dish TV India Ltd.,MEDIA & ENTERTAINMENT,DISHTV,EQ,INE836F01026
126,Dishman Carbogen Amcis Ltd.,PHARMA,DCAL,EQ,INE385W01011
127,Divi's Laboratories Ltd.,PHARMA,DIVISLAB,EQ,INE361B01024
128,Dixon Technologies (India) Ltd.,CONSUMER GOODS,DIXON,EQ,INE935N01012
129,Dr. Lal Path Labs Ltd.,HEALTHCARE SERVICES,LALPATHLAB,EQ,INE600L01024
130,Dr. Reddy's Laboratories Ltd.,PHARMA,DRREDDY,EQ,INE089A01023
131,E.I.D. Parry (India) Ltd.,FERTILISERS & PESTICIDES,EIDPARRY,EQ,INE126A01031
132,EIH Ltd.,SERVICES,EIHOTEL,EQ,INE230A01023
133,Edelweiss Financial Services Ltd.,FINANCIAL SERVICES,EDELWEISS,EQ,INE532F01054
134,Eicher Motors Ltd.,AUTOMOBILE,EICHERMOT,EQ,INE066A01013
135,Elgi Equipments Ltd.,INDUSTRIAL MANUFACTURING,ELGIEQUIP,EQ,INE285A01027
136,Emami Ltd.,CONSUMER GOODS,EMAMILTD,EQ,INE548C01032
137,Endurance Technologies Ltd.,AUTOMOBILE,ENDURANCE,EQ,INE913H01037
138,Engineers India Ltd.,CONSTRUCTION,ENGINERSIN,EQ,INE510A01028
139,Equitas Holdings Ltd.,FINANCIAL SERVICES,EQUITAS,EQ,INE988K01017
140,Eris Lifesciences Ltd.,PHARMA,ERIS,EQ,INE406M01024
141,Escorts Ltd.,AUTOMOBILE,ESCORTS,EQ,INE042A01014
142,Essel Propack Ltd.,INDUSTRIAL MANUFACTURING,ESSELPACK,EQ,INE255A01020
143,Exide Industries Ltd.,AUTOMOBILE,EXIDEIND,EQ,INE302A01020
144,FDC Ltd.,PHARMA,FDC,EQ,INE258B01022
145,Federal Bank Ltd.,FINANCIAL SERVICES,FEDERALBNK,EQ,INE171A01029
146,Federal-Mogul Goetze (India) Ltd.,AUTOMOBILE,FMGOETZE,EQ,INE529A01010
147,Fine Organic Industries Ltd.,CHEMICALS,FINEORG,EQ,INE686Y01026
148,Finolex Cables Ltd.,INDUSTRIAL MANUFACTURING,FINCABLES,EQ,INE235A01022
149,Finolex Industries Ltd.,INDUSTRIAL MANUFACTURING,FINPIPE,EQ,INE183A01016
150,Firstsource Solutions Ltd.,IT,FSL,EQ,INE684F01012
151,Fortis Healthcare Ltd.,HEALTHCARE SERVICES,FORTIS,EQ,INE061F01013
152,Future Consumer Ltd.,CONSUMER GOODS,FCONSUMER,EQ,INE220J01025
153,Future Lifestyle Fashions Ltd.,CONSUMER GOODS,FLFL,EQ,INE452O01016
154,Future Retail Ltd.,CONSUMER GOODS,FRETAIL,EQ,INE752P01024
155,GAIL (India) Ltd.,ENERGY,GAIL,EQ,INE129A01019
156,GE Power India Ltd.,INDUSTRIAL MANUFACTURING,GEPIL,EQ,INE878A01011
157,GE T&D India Ltd.,INDUSTRIAL MANUFACTURING,GET&D,EQ,INE200A01026
158,GHCL Ltd.,CHEMICALS,GHCL,EQ,INE539A01019
159,GMR Infrastructure Ltd.,CONSTRUCTION,GMRINFRA,EQ,INE776C01039
160,Galaxy Surfactants Ltd.,CHEMICALS,GALAXYSURF,EQ,INE600K01018
161,Garware Technical Fibres Ltd.,TEXTILES,GARFIBRES,EQ,INE276A01018
162,Gayatri Projects Ltd.,CONSTRUCTION,GAYAPROJ,EQ,INE336H01023
163,General Insurance Corporation of India,FINANCIAL SERVICES,GICRE,EQ,INE481Y01014
164,Gillette India Ltd.,CONSUMER GOODS,GILLETTE,EQ,INE322A01010
165,Glaxosmithkline Pharmaceuticals Ltd.,PHARMA,GLAXO,EQ,INE159A01016
166,Glenmark Pharmaceuticals Ltd.,PHARMA,GLENMARK,EQ,INE935A01035
167,Godfrey Phillips India Ltd.,CONSUMER GOODS,GODFRYPHLP,EQ,INE260B01028
168,Godrej Agrovet Ltd.,CONSUMER GOODS,GODREJAGRO,EQ,INE850D01014
169,Godrej Consumer Products Ltd.,CONSUMER GOODS,GODREJCP,EQ,INE102D01028
170,Godrej Industries Ltd.,CONSUMER GOODS,GODREJIND,EQ,INE233A01035
171,Godrej Properties Ltd.,CONSTRUCTION,GODREJPROP,EQ,INE484J01027
172,Granules India Ltd.,PHARMA,GRANULES,EQ,INE101D01020
173,Graphite India Ltd.,INDUSTRIAL MANUFACTURING,GRAPHITE,EQ,INE371A01025
174,Grasim Industries Ltd.,CEMENT & CEMENT PRODUCTS,GRASIM,EQ,INE047A01021
175,Great Eastern Shipping Co. Ltd.,SERVICES,GESHIP,EQ,INE017A01032
176,Greaves Cotton Ltd.,INDUSTRIAL MANUFACTURING,GREAVESCOT,EQ,INE224A01026
177,Grindwell Norton Ltd.,INDUSTRIAL MANUFACTURING,GRINDWELL,EQ,INE536A01023
178,Gujarat Alkalies & Chemicals Ltd.,CHEMICALS,GUJALKALI,EQ,INE186A01019
179,Gujarat Gas Ltd.,ENERGY,GUJGASLTD,EQ,INE844O01030
180,Gujarat Mineral Development Corporation Ltd.,METALS,GMDCLTD,EQ,INE131A01031
181,Gujarat Narmada Valley Fertilizers and Chemicals Ltd.,CHEMICALS,GNFC,EQ,INE113A01013
182,Gujarat Pipavav Port Ltd.,SERVICES,GPPL,EQ,INE517F01014
183,Gujarat State Fertilizers & Chemicals Ltd.,FERTILISERS & PESTICIDES,GSFC,EQ,INE026A01025
184,Gujarat State Petronet Ltd.,ENERGY,GSPL,EQ,INE246F01010
185,Gulf Oil Lubricants India Ltd.,ENERGY,GULFOILLUB,EQ,INE635Q01029
186,H.E.G. Ltd.,INDUSTRIAL MANUFACTURING,HEG,EQ,INE545A01016
187,HCL Technologies Ltd.,IT,HCLTECH,EQ,INE860A01027
188,HDFC Asset Management Company Ltd.,FINANCIAL SERVICES,HDFCAMC,EQ,INE127D01025
189,HDFC Bank Ltd.,FINANCIAL SERVICES,HDFCBANK,EQ,INE040A01034
190,HDFC Life Insurance Company Ltd.,FINANCIAL SERVICES,HDFCLIFE,EQ,INE795G01014
191,Hathway Cable & Datacom Ltd.,MEDIA & ENTERTAINMENT,HATHWAY,EQ,INE982F01036
192,Hatsun Agro Product Ltd.,CONSUMER GOODS,HATSUN,EQ,INE473B01035
193,Havells India Ltd.,CONSUMER GOODS,HAVELLS,EQ,INE176B01034
194,HeidelbergCement India Ltd.,CEMENT & CEMENT PRODUCTS,HEIDELBERG,EQ,INE578A01017
195,Heritage Foods Ltd.,CONSUMER GOODS,HERITGFOOD,EQ,INE978A01027
196,Hero MotoCorp Ltd.,AUTOMOBILE,HEROMOTOCO,EQ,INE158A01026
197,Hexaware Technologies Ltd.,IT,HEXAWARE,EQ,INE093A01033
198,Himachal Fut Com Ltd.,TELECOM,HFCL,EQ,INE548A01028
199,Himadri Speciality Chemical Ltd.,CHEMICALS,HSCL,EQ,INE019C01026
200,Himatsingka Seide Ltd.,TEXTILES,HIMATSEIDE,EQ,INE049A01027
201,Hindalco Industries Ltd.,METALS,HINDALCO,EQ,INE038A01020
202,Hindustan Aeronautics Ltd.,INDUSTRIAL MANUFACTURING,HAL,EQ,INE066F01012
203,Hindustan Copper Ltd.,METALS,HINDCOPPER,EQ,INE531E01026
204,Hindustan Petroleum Corporation Ltd.,ENERGY,HINDPETRO,EQ,INE094A01015
205,Hindustan Unilever Ltd.,CONSUMER GOODS,HINDUNILVR,EQ,INE030A01027
206,Hindustan Zinc Ltd.,METALS,HINDZINC,EQ,INE267A01025
207,Honeywell Automation India Ltd.,INDUSTRIAL MANUFACTURING,HONAUT,EQ,INE671A01010
208,Housing & Urban Development Corporation Ltd.,FINANCIAL SERVICES,HUDCO,EQ,INE031A01017
209,Housing Development Finance Corporation Ltd.,FINANCIAL SERVICES,HDFC,EQ,INE001A01036
210,ICICI Bank Ltd.,FINANCIAL SERVICES,ICICIBANK,EQ,INE090A01021
211,ICICI Lombard General Insurance Company Ltd.,FINANCIAL SERVICES,ICICIGI,EQ,INE765G01017
212,ICICI Prudential Life Insurance Company Ltd.,FINANCIAL SERVICES,ICICIPRULI,EQ,INE726G01019
213,ICICI Securities Ltd.,FINANCIAL SERVICES,ISEC,EQ,INE763G01038
214,ICRA Ltd.,FINANCIAL SERVICES,ICRA,EQ,INE725G01011
215,IDBI Bank Ltd.,FINANCIAL SERVICES,IDBI,EQ,INE008A01015
216,IDFC First Bank Ltd.,FINANCIAL SERVICES,IDFCFIRSTB,EQ,INE092T01019
217,IDFC Ltd.,FINANCIAL SERVICES,IDFC,EQ,INE043D01016
218,IFB Industries Ltd.,CONSUMER GOODS,IFBIND,EQ,INE559A01017
219,IFCI Ltd.,FINANCIAL SERVICES,IFCI,EQ,INE039A01010
220,IIFL Finance Ltd.,FINANCIAL SERVICES,IIFL,EQ,INE530B01024
221,IRB Infrastructure Developers Ltd.,CONSTRUCTION,IRB,EQ,INE821I01014
222,IRCON International Ltd.,CONSTRUCTION,IRCON,EQ,INE962Y01013
223,ITC Ltd.,CONSUMER GOODS,ITC,EQ,INE154A01025
224,ITD Cementation India Ltd.,CONSTRUCTION,ITDCEM,EQ,INE686A01026
225,ITI Ltd.,TELECOM,ITI,EQ,INE248A01017
226,India Cements Ltd.,CEMENT & CEMENT PRODUCTS,INDIACEM,EQ,INE383A01012
227,India Tourism Development Corporation Ltd.,SERVICES,ITDC,EQ,INE353K01014
228,Indiabulls Housing Finance Ltd.,FINANCIAL SERVICES,IBULHSGFIN,EQ,INE148I01020
229,Indiabulls Integrated Services Ltd.,IT,IBULISL,EQ,INE126M01010
230,Indiabulls Real Estate Ltd.,CONSTRUCTION,IBREALEST,EQ,INE069I01010
231,Indiabulls Ventures Ltd.,FINANCIAL SERVICES,IBVENTURES,EQ,INE274G01010
232,Indian Bank,FINANCIAL SERVICES,INDIANB,EQ,INE562A01011
233,Indian Energy Exchange Ltd.,FINANCIAL SERVICES,IEX,EQ,INE022Q01020
234,Indian Hotels Co. Ltd.,SERVICES,INDHOTEL,EQ,INE053A01029
235,Indian Oil Corporation Ltd.,ENERGY,IOC,EQ,INE242A01010
236,Indian Overseas Bank ,FINANCIAL SERVICES,IOB,EQ,INE565A01014
237,IndoStar Capital Finance Ltd.,FINANCIAL SERVICES,INDOSTAR,EQ,INE896L01010
238,Indraprastha Gas Ltd.,ENERGY,IGL,EQ,INE203G01027
239,IndusInd Bank Ltd.,FINANCIAL SERVICES,INDUSINDBK,EQ,INE095A01012
240,Infibeam Avenues Ltd.,IT,INFIBEAM,EQ,INE483S01020
241,Info Edge (India) Ltd.,IT,NAUKRI,EQ,INE663F01024
242,Infosys Ltd.,IT,INFY,EQ,INE009A01021
243,Inox Leisure Ltd.,MEDIA & ENTERTAINMENT,INOXLEISUR,EQ,INE312H01016
244,Intellect Design Arena Ltd.,IT,INTELLECT,EQ,INE306R01017
245,InterGlobe Aviation Ltd.,SERVICES,INDIGO,EQ,INE646L01027
246,Ipca Laboratories Ltd.,PHARMA,IPCALAB,EQ,INE571A01020
247,J.B. Chemicals & Pharmaceuticals Ltd.,PHARMA,JBCHEPHARM,EQ,INE572A01028
248,J.K. Cement Ltd.,CEMENT & CEMENT PRODUCTS,JKCEMENT,EQ,INE823G01014
249,JK Lakshmi Cement Ltd.,CEMENT & CEMENT PRODUCTS,JKLAKSHMI,EQ,INE786A01032
250,JK Paper Ltd.,PAPER,JKPAPER,EQ,INE789E01012
251,JK Tyre & Industries Ltd.,AUTOMOBILE,JKTYRE,EQ,INE573A01042
252,JM Financial Ltd.,FINANCIAL SERVICES,JMFINANCIL,EQ,INE780C01023
253,JSW Energy Ltd.,ENERGY,JSWENERGY,EQ,INE121E01018
254,JSW Steel Ltd.,METALS,JSWSTEEL,EQ,INE019A01038
255,Jagran Prakashan Ltd.,MEDIA & ENTERTAINMENT,JAGRAN,EQ,INE199G01027
256,Jai Corp Ltd.,INDUSTRIAL MANUFACTURING,JAICORPLTD,EQ,INE070D01027
257,Jain Irrigation Systems Ltd.,INDUSTRIAL MANUFACTURING,JISLJALEQS,EQ,INE175A01038
258,Jammu & Kashmir Bank Ltd.,FINANCIAL SERVICES,J&KBANK,EQ,INE168A01041
259,Jamna Auto Industries Ltd.,AUTOMOBILE,JAMNAAUTO,EQ,INE039C01032
260,Jindal Saw Ltd.,METALS,JINDALSAW,EQ,INE324A01024
261,Jindal Stainless (Hisar) Ltd.,METALS,JSLHISAR,EQ,INE455T01018
262,Jindal Stainless Ltd.,METALS,JSL,EQ,INE220G01021
263,Jindal Steel & Power Ltd.,METALS,JINDALSTEL,EQ,INE749A01030
264,Johnson Controls - Hitachi Air Conditioning India Ltd.,CONSUMER GOODS,JCHAC,EQ,INE782A01015
265,Jubilant Foodworks Ltd.,CONSUMER GOODS,JUBLFOOD,EQ,INE797F01012
266,Jubilant Life Sciences Ltd.,PHARMA,JUBILANT,EQ,INE700A01033
267,Justdial Ltd.,IT,JUSTDIAL,EQ,INE599M01018
268,Jyothy Labs Ltd.,CONSUMER GOODS,JYOTHYLAB,EQ,INE668F01031
269,K.P.R. Mill Ltd.,TEXTILES,KPRMILL,EQ,INE930H01023
270,KEI Industries Ltd.,INDUSTRIAL MANUFACTURING,KEI,EQ,INE878B01027
271,KNR Constructions Ltd.,CONSTRUCTION,KNRCON,EQ,INE634I01029
272,KPIT Technologies Ltd.,IT,KPITTECH,EQ,INE04I401011
273,KRBL Ltd.,CONSUMER GOODS,KRBL,EQ,INE001B01026
274,Kajaria Ceramics Ltd.,CONSTRUCTION,KAJARIACER,EQ,INE217B01036
275,Kalpataru Power Transmission Ltd.,ENERGY,KALPATPOWR,EQ,INE220B01022
276,Kansai Nerolac Paints Ltd.,CONSUMER GOODS,KANSAINER,EQ,INE531A01024
277,Karnataka Bank Ltd.,FINANCIAL SERVICES,KTKBANK,EQ,INE614B01018
278,Karur Vysya Bank Ltd.,FINANCIAL SERVICES,KARURVYSYA,EQ,INE036D01028
279,Kaveri Seed Company Ltd.,CONSUMER GOODS,KSCL,EQ,INE455I01029
280,Kec International Ltd.,CONSTRUCTION,KEC,EQ,INE389H01022
281,Kirloskar Oil Eng Ltd.,INDUSTRIAL MANUFACTURING,KIRLOSENG,EQ,INE146L01010
282,Kolte-Patil Developers Ltd.,CONSTRUCTION,KOLTEPATIL,EQ,INE094I01018
283,Kotak Mahindra Bank Ltd.,FINANCIAL SERVICES,KOTAKBANK,EQ,INE237A01028
284,L&T Finance Holdings Ltd.,FINANCIAL SERVICES,L&TFH,EQ,INE498L01015
285,L&T Technology Services Ltd.,IT,LTTS,EQ,INE010V01017
286,LIC Housing Finance Ltd.,FINANCIAL SERVICES,LICHSGFIN,EQ,INE115A01026
287,Lakshmi Machine Works Ltd.,INDUSTRIAL MANUFACTURING,LAXMIMACH,EQ,INE269B01029
288,Lakshmi Vilas Bank Ltd.,FINANCIAL SERVICES,LAKSHVILAS,EQ,INE694C01018
289,Larsen & Toubro Infotech Ltd.,IT,LTI,EQ,INE214T01019
290,Larsen & Toubro Ltd.,CONSTRUCTION,LT,EQ,INE018A01030
291,Laurus Labs Ltd.,PHARMA,LAURUSLABS,EQ,INE947Q01010
292,Lemon Tree Hotels Ltd.,SERVICES,LEMONTREE,EQ,INE970X01018
293,Linde India Ltd.,CHEMICALS,LINDEINDIA,EQ,INE473A01011
294,Lupin Ltd.,PHARMA,LUPIN,EQ,INE326A01037
295,Lux Industries Ltd.,TEXTILES,LUXIND,EQ,INE150G01020
296,MAS Financial Services Ltd.,FINANCIAL SERVICES,MASFIN,EQ,INE348L01012
297,MMTC Ltd.,SERVICES,MMTC,EQ,INE123F01029
298,MOIL Ltd.,METALS,MOIL,EQ,INE490G01020
299,MRF Ltd.,AUTOMOBILE,MRF,EQ,INE883A01011
300,Magma Fincorp Ltd.,FINANCIAL SERVICES,MAGMA,EQ,INE511C01022
301,Mahanagar Gas Ltd.,ENERGY,MGL,EQ,INE002S01010
302,Maharashtra Scooters Ltd.,AUTOMOBILE,MAHSCOOTER,EQ,INE288A01013
303,Maharashtra Seamless Ltd.,METALS,MAHSEAMLES,EQ,INE271B01025
304,Mahindra & Mahindra Financial Services Ltd.,FINANCIAL SERVICES,M&MFIN,EQ,INE774D01024
305,Mahindra & Mahindra Ltd.,AUTOMOBILE,M&M,EQ,INE101A01026
306,Mahindra CIE Automotive Ltd.,INDUSTRIAL MANUFACTURING,MAHINDCIE,EQ,INE536H01010
307,Mahindra Holidays & Resorts India Ltd.,SERVICES,MHRIL,EQ,INE998I01010
308,Mahindra Logistics Ltd.,SERVICES,MAHLOG,EQ,INE766P01016
309,Manappuram Finance Ltd.,FINANCIAL SERVICES,MANAPPURAM,EQ,INE522D01027
310,Mangalore Refinery & Petrochemicals Ltd.,ENERGY,MRPL,EQ,INE103A01014
311,Marico Ltd.,CONSUMER GOODS,MARICO,EQ,INE196A01026
312,Maruti Suzuki India Ltd.,AUTOMOBILE,MARUTI,EQ,INE585B01010
313,Max Financial Services Ltd.,FINANCIAL SERVICES,MFSL,EQ,INE180A01020
314,Max India Ltd.,HEALTHCARE SERVICES,MAXINDIA,EQ,INE153U01017
315,Metropolis Healthcare Ltd.,HEALTHCARE SERVICES,METROPOLIS,EQ,INE112L01020
316,MindTree Ltd.,IT,MINDTREE,EQ,INE018I01017
317,Minda Corporation Ltd.,AUTOMOBILE,MINDACORP,EQ,INE842C01021
318,Minda Industries Ltd.,AUTOMOBILE,MINDAIND,EQ,INE405E01023
319,Motherson Sumi Systems Ltd.,AUTOMOBILE,MOTHERSUMI,EQ,INE775A01035
320,Motilal Oswal Financial Services Ltd.,FINANCIAL SERVICES,MOTILALOFS,EQ,INE338I01027
321,MphasiS Ltd.,IT,MPHASIS,EQ,INE356A01018
322,Multi Commodity Exchange of India Ltd.,FINANCIAL SERVICES,MCX,EQ,INE745G01035
323,Muthoot Finance Ltd.,FINANCIAL SERVICES,MUTHOOTFIN,EQ,INE414G01012
324,NATCO Pharma Ltd.,PHARMA,NATCOPHARM,EQ,INE987B01026
325,NBCC (India) Ltd.,CONSTRUCTION,NBCC,EQ,INE095N01031
326,NCC Ltd.,CONSTRUCTION,NCC,EQ,INE868B01028
327,NESCO Ltd.,SERVICES,NESCO,EQ,INE317F01035
328,NHPC Ltd.,ENERGY,NHPC,EQ,INE848E01016
329,NIIT Technologies Ltd.,IT,NIITTECH,EQ,INE591G01017
330,NLC India Ltd.,ENERGY,NLCINDIA,EQ,INE589A01014
331,NMDC Ltd.,METALS,NMDC,EQ,INE584A01023
332,NTPC Ltd.,ENERGY,NTPC,EQ,INE733E01010
333,Narayana Hrudayalaya Ltd.,HEALTHCARE SERVICES,NH,EQ,INE410P01011
334,National Aluminium Co. Ltd.,METALS,NATIONALUM,EQ,INE139A01034
335,National Fertilizers Ltd.,FERTILISERS & PESTICIDES,NFL,EQ,INE870D01012
336,Nava Bharat Ventures Ltd.,ENERGY,NBVENTURES,EQ,INE725A01022
337,Navin Fluorine International Ltd.,CHEMICALS,NAVINFLUOR,EQ,INE048G01026
338,Nestle India Ltd.,CONSUMER GOODS,NESTLEIND,EQ,INE239A01016
339,Network18 Media & Investments Ltd.,MEDIA & ENTERTAINMENT,NETWORK18,EQ,INE870H01013
340,Nilkamal Ltd.,INDUSTRIAL MANUFACTURING,NILKAMAL,EQ,INE310A01015
341,Oberoi Realty Ltd.,CONSTRUCTION,OBEROIRLTY,EQ,INE093I01010
342,Oil & Natural Gas Corporation Ltd.,ENERGY,ONGC,EQ,INE213A01029
343,Oil India Ltd.,ENERGY,OIL,EQ,INE274J01014
344,Omaxe Ltd.,CONSTRUCTION,OMAXE,EQ,INE800H01010
345,Oracle Financial Services Software Ltd.,IT,OFSS,EQ,INE881D01027
346,Orient Cement Ltd.,CEMENT & CEMENT PRODUCTS,ORIENTCEM,EQ,INE876N01018
347,Orient Electric Ltd.,CONSUMER GOODS,ORIENTELEC,EQ,INE142Z01019
348,Orient Refractories Ltd.,INDUSTRIAL MANUFACTURING,ORIENTREF,EQ,INE743M01012
349,Oriental Bank of Commerce,FINANCIAL SERVICES,ORIENTBANK,EQ,INE141A01014
350,PC Jeweller Ltd.,CONSUMER GOODS,PCJEWELLER,EQ,INE785M01013
351,PI Industries Ltd.,FERTILISERS & PESTICIDES,PIIND,EQ,INE603J01030
352,PNB Housing Finance Ltd.,FINANCIAL SERVICES,PNBHOUSING,EQ,INE572E01012
353,PNC Infratech Ltd.,CONSTRUCTION,PNCINFRA,EQ,INE195J01029
354,PTC India Ltd.,ENERGY,PTC,EQ,INE877F01012
355,PVR Ltd.,MEDIA & ENTERTAINMENT,PVR,EQ,INE191H01014
356,Page Industries Ltd.,TEXTILES,PAGEIND,EQ,INE761H01022
357,Parag Milk Foods Ltd.,CONSUMER GOODS,PARAGMILK,EQ,INE883N01014
358,Persistent Systems Ltd.,IT,PERSISTENT,EQ,INE262H01013
359,Petronet LNG Ltd.,ENERGY,PETRONET,EQ,INE347G01014
360,Pfizer Ltd.,PHARMA,PFIZER,EQ,INE182A01018
361,Phillips Carbon Black Ltd.,CHEMICALS,PHILIPCARB,EQ,INE602A01023
362,Phoenix Mills Ltd.,CONSTRUCTION,PHOENIXLTD,EQ,INE211B01039
363,Pidilite Industries Ltd.,CHEMICALS,PIDILITIND,EQ,INE318A01026
364,Piramal Enterprises Ltd.,PHARMA,PEL,EQ,INE140A01024
365,Polycab India Ltd.,INDUSTRIAL MANUFACTURING,POLYCAB,EQ,INE455K01017
366,Power Finance Corporation Ltd.,FINANCIAL SERVICES,PFC,EQ,INE134E01011
367,Power Grid Corporation of India Ltd.,ENERGY,POWERGRID,EQ,INE752E01010
368,Praj Industries Ltd.,INDUSTRIAL MANUFACTURING,PRAJIND,EQ,INE074A01025
369,Prestige Estates Projects Ltd.,CONSTRUCTION,PRESTIGE,EQ,INE811K01011
370,Prism Johnson Ltd.,CEMENT & CEMENT PRODUCTS,PRSMJOHNSN,EQ,INE010A01011
371,Procter & Gamble Health Ltd.,PHARMA,PGHL,EQ,INE199A01012
372,Procter & Gamble Hygiene & Health Care Ltd.,CONSUMER GOODS,PGHH,EQ,INE179A01014
373,Punjab National Bank,FINANCIAL SERVICES,PNB,EQ,INE160A01022
374,Quess Corp Ltd.,SERVICES,QUESS,EQ,INE615P01015
375,RBL Bank Ltd.,FINANCIAL SERVICES,RBLBANK,EQ,INE976G01028
376,REC Ltd.,FINANCIAL SERVICES,RECLTD,EQ,INE020B01018
377,RITES Ltd.,CONSTRUCTION,RITES,EQ,INE320J01015
378,Radico Khaitan Ltd,CONSUMER GOODS,RADICO,EQ,INE944F01028
379,Rail Vikas Nigam Ltd.,CONSTRUCTION,RVNL,EQ,INE415G01027
380,Rain Industries Ltd,CHEMICALS,RAIN,EQ,INE855B01025
381,Rajesh Exports Ltd.,CONSUMER GOODS,RAJESHEXPO,EQ,INE343B01030
382,Rallis India Ltd.,FERTILISERS & PESTICIDES,RALLIS,EQ,INE613A01020
383,Rashtriya Chemicals & Fertilizers Ltd.,FERTILISERS & PESTICIDES,RCF,EQ,INE027A01015
384,Ratnamani Metals & Tubes Ltd.,METALS,RATNAMANI,EQ,INE703B01027
385,Raymond Ltd.,TEXTILES,RAYMOND,EQ,INE301A01014
386,Redington (India) Ltd.,SERVICES,REDINGTON,EQ,INE891D01026
387,Relaxo Footwears Ltd.,CONSUMER GOODS,RELAXO,EQ,INE131B01039
388,Reliance Capital Ltd.,FINANCIAL SERVICES,RELCAPITAL,EQ,INE013A01015
389,Reliance Industries Ltd.,ENERGY,RELIANCE,EQ,INE002A01018
390,Reliance Infrastructure Ltd.,ENERGY,RELINFRA,EQ,INE036A01016
391,Reliance Nippon Life Asset Management Ltd.,FINANCIAL SERVICES,RNAM,EQ,INE298J01013
392,Reliance Power Ltd.,ENERGY,RPOWER,EQ,INE614G01033
393,Repco Home Finance Ltd.,FINANCIAL SERVICES,REPCOHOME,EQ,INE612J01015
394,S H Kelkar and Company Ltd.,CONSUMER GOODS,SHK,EQ,INE500L01026
395,SBI Life Insurance Company Ltd.,FINANCIAL SERVICES,SBILIFE,EQ,INE123W01016
396,SJVN Ltd.,ENERGY,SJVN,EQ,INE002L01015
397,SKF India Ltd.,INDUSTRIAL MANUFACTURING,SKFINDIA,EQ,INE640A01023
398,SRF Ltd.,TEXTILES,SRF,EQ,INE647A01010
399,Sadbhav Engineering Ltd.,CONSTRUCTION,SADBHAV,EQ,INE226H01026
400,Sanofi India Ltd.,PHARMA,SANOFI,EQ,INE058A01010
401,Schaeffler India Ltd.,INDUSTRIAL MANUFACTURING,SCHAEFFLER,EQ,INE513A01014
402,Security and Intelligence Services (India) Ltd.,SERVICES,SIS,EQ,INE285J01010
403,Sheela Foam Ltd.,CONSUMER GOODS,SFL,EQ,INE916U01025
404,Shilpa Medicare Ltd.,PHARMA,SHILPAMED,EQ,INE790G01031
405,Shoppers Stop Ltd.,CONSUMER GOODS,SHOPERSTOP,EQ,INE498B01024
406,Shree Cement Ltd.,CEMENT & CEMENT PRODUCTS,SHREECEM,EQ,INE070A01015
407,Shree Renuka Sugars Ltd.,CONSUMER GOODS,RENUKA,EQ,INE087H01022
408,Shriram City Union Finance Ltd.,FINANCIAL SERVICES,SHRIRAMCIT,EQ,INE722A01011
409,Shriram Transport Finance Co. Ltd.,FINANCIAL SERVICES,SRTRANSFIN,EQ,INE721A01013
410,Siemens Ltd.,INDUSTRIAL MANUFACTURING,SIEMENS,EQ,INE003A01024
411,Sobha Ltd.,CONSTRUCTION,SOBHA,EQ,INE671H01015
412,Solar Industries India Ltd.,CHEMICALS,SOLARINDS,EQ,INE343H01029
413,Sonata Software Ltd.,IT,SONATSOFTW,EQ,INE269A01021
414,South Indian Bank Ltd.,FINANCIAL SERVICES,SOUTHBANK,EQ,INE683A01023
415,Star Cement Ltd.,CEMENT & CEMENT PRODUCTS,STARCEMENT,EQ,INE460H01021
416,State Bank of India,FINANCIAL SERVICES,SBIN,EQ,INE062A01020
417,Steel Authority of India Ltd.,METALS,SAIL,EQ,INE114A01011
418,Sterlite Technologies Ltd.,TELECOM,STRTECH,EQ,INE089C01029
419,Strides Pharma Science Ltd.,PHARMA,STAR,EQ,INE939A01011
420,Sudarshan Chemical Industries Ltd.,CHEMICALS,SUDARSCHEM,EQ,INE659A01023
421,Sun Pharma Advanced Research Company Ltd.,PHARMA,SPARC,EQ,INE232I01014
422,Sun Pharmaceutical Industries Ltd.,PHARMA,SUNPHARMA,EQ,INE044A01036
423,Sun TV Network Ltd.,MEDIA & ENTERTAINMENT,SUNTV,EQ,INE424H01027
424,Sundaram Clayton Ltd.,AUTOMOBILE,SUNCLAYLTD,EQ,INE105A01035
425,Sundaram Finance Ltd.,FINANCIAL SERVICES,SUNDARMFIN,EQ,INE660A01013
426,Sundram Fasteners Ltd.,AUTOMOBILE,SUNDRMFAST,EQ,INE387A01021
427,Sunteck Realty Ltd.,CONSTRUCTION,SUNTECK,EQ,INE805D01034
428,Suprajit Engineering Ltd.,AUTOMOBILE,SUPRAJIT,EQ,INE399C01030
429,Supreme Industries Ltd.,INDUSTRIAL MANUFACTURING,SUPREMEIND,EQ,INE195A01028
430,Suven Life Sciences Ltd.,PHARMA,SUVEN,EQ,INE495B01038
431,Suzlon Energy Ltd.,INDUSTRIAL MANUFACTURING,SUZLON,EQ,INE040H01021
432,Swan Energy Ltd.,TEXTILES,SWANENERGY,EQ,INE665A01038
433,Symphony Ltd.,CONSUMER GOODS,SYMPHONY,EQ,INE225D01027
434,Syndicate Bank,FINANCIAL SERVICES,SYNDIBANK,EQ,INE667A01018
435,Syngene International Ltd.,PHARMA,SYNGENE,EQ,INE398R01022
436,TCI Express Ltd.,SERVICES,TCIEXP,EQ,INE586V01016
437,TCNS Clothing Co. Ltd.,TEXTILES,TCNSBRANDS,EQ,INE778U01029
438,TTK Prestige Ltd.,CONSUMER GOODS,TTKPRESTIG,EQ,INE690A01010
439,TV Today Network Ltd.,MEDIA & ENTERTAINMENT,TVTODAY,EQ,INE038F01029
440,TV18 Broadcast Ltd.,MEDIA & ENTERTAINMENT,TV18BRDCST,EQ,INE886H01027
441,TVS Motor Company Ltd.,AUTOMOBILE,TVSMOTOR,EQ,INE494B01023
442,Take Solutions Ltd.,PHARMA,TAKE,EQ,INE142I01023
443,Tata Chemicals Ltd.,CHEMICALS,TATACHEM,EQ,INE092A01019
444,Tata Consultancy Services Ltd.,IT,TCS,EQ,INE467B01029
445,Tata Elxsi Ltd.,IT,TATAELXSI,EQ,INE670A01012
446,Tata Global Beverages Ltd.,CONSUMER GOODS,TATAGLOBAL,EQ,INE192A01025
447,Tata Investment Corporation Ltd.,FINANCIAL SERVICES,TATAINVEST,EQ,INE672A01018
448,Tata Motors Ltd DVR,AUTOMOBILE,TATAMTRDVR,EQ,IN9155A01020
449,Tata Motors Ltd.,AUTOMOBILE,TATAMOTORS,EQ,INE155A01022
450,Tata Power Co. Ltd.,ENERGY,TATAPOWER,EQ,INE245A01021
451,Tata Steel Ltd.,METALS,TATASTEEL,EQ,INE081A01012
452,Teamlease Services Ltd.,SERVICES,TEAMLEASE,EQ,INE985S01024
453,Tech Mahindra Ltd.,IT,TECHM,EQ,INE669C01036
454,Techno Electric & Engineering Company Ltd.,CONSTRUCTION,TECHNOE,EQ,INE285K01026
455,The New India Assurance Company Ltd.,FINANCIAL SERVICES,NIACL,EQ,INE470Y01017
456,The Ramco Cements Ltd.,CEMENT & CEMENT PRODUCTS,RAMCOCEM,EQ,INE331A01037
457,Thermax Ltd.,INDUSTRIAL MANUFACTURING,THERMAX,EQ,INE152A01029
458,Thyrocare Technologies Ltd.,HEALTHCARE SERVICES,THYROCARE,EQ,INE594H01019
459,Time Technoplast Ltd.,INDUSTRIAL MANUFACTURING,TIMETECHNO,EQ,INE508G01029
460,Timken India Ltd.,INDUSTRIAL MANUFACTURING,TIMKEN,EQ,INE325A01013
461,Titan Company Ltd.,CONSUMER GOODS,TITAN,EQ,INE280A01028
462,Torrent Pharmaceuticals Ltd.,PHARMA,TORNTPHARM,EQ,INE685A01028
463,Torrent Power Ltd.,ENERGY,TORNTPOWER,EQ,INE813H01021
464,Trent Ltd.,CONSUMER GOODS,TRENT,EQ,INE849A01020
465,Trident Ltd.,TEXTILES,TRIDENT,EQ,INE064C01014
466,Tube Investments of India Ltd.,AUTOMOBILE,TIINDIA,EQ,INE974X01010
467,UCO Bank,FINANCIAL SERVICES,UCOBANK,EQ,INE691A01018
468,UFLEX Ltd.,INDUSTRIAL MANUFACTURING,UFLEX,EQ,INE516A01017
469,UPL Ltd.,FERTILISERS & PESTICIDES,UPL,EQ,INE628A01036
470,Ujjivan Financial Services Ltd.,FINANCIAL SERVICES,UJJIVAN,EQ,INE334L01012
471,UltraTech Cement Ltd.,CEMENT & CEMENT PRODUCTS,ULTRACEMCO,EQ,INE481G01011
472,Union Bank of India,FINANCIAL SERVICES,UNIONBANK,EQ,INE692A01016
473,United Breweries Ltd.,CONSUMER GOODS,UBL,EQ,INE686F01025
474,United Spirits Ltd.,CONSUMER GOODS,MCDOWELL-N,EQ,INE854D01024
475,V-Guard Industries Ltd.,CONSUMER GOODS,VGUARD,EQ,INE951I01027
476,V-Mart Retail Ltd.,CONSUMER GOODS,VMART,EQ,INE665J01013
477,V.I.P. Industries Ltd.,CONSUMER GOODS,VIPIND,EQ,INE054A01027
478,VRL Logistics Ltd.,SERVICES,VRLLOG,EQ,INE366I01010
479,VST Industries Ltd.,CONSUMER GOODS,VSTIND,EQ,INE710A01016
480,Va Tech Wabag Ltd.,SERVICES,WABAG,EQ,INE956G01038
481,Vaibhav Global Ltd.,CONSUMER GOODS,VAIBHAVGBL,EQ,INE884A01019
482,Vakrangee Ltd.,IT,VAKRANGEE,EQ,INE051B01021
483,Vardhman Textiles Ltd.,TEXTILES,VTL,EQ,INE825A01012
484,Varroc Engineering Ltd.,AUTOMOBILE,VARROC,EQ,INE665L01035
485,Varun Beverages Ltd.,CONSUMER GOODS,VBL,EQ,INE200M01013
486,Vedanta Ltd.,METALS,VEDL,EQ,INE205A01025
487,Venky's (India) Ltd.,CONSUMER GOODS,VENKEYS,EQ,INE398A01010
488,Vinati Organics Ltd.,CHEMICALS,VINATIORGA,EQ,INE410B01029
489,Vodafone Idea Ltd.,TELECOM,IDEA,EQ,INE669E01016
490,Voltas Ltd.,CONSUMER GOODS,VOLTAS,EQ,INE226A01021
491,WABCO India Ltd.,AUTOMOBILE,WABCOINDIA,EQ,INE342J01019
492,Welspun Corp Ltd.,METALS,WELCORP,EQ,INE191B01025
493,Welspun India Ltd.,TEXTILES,WELSPUNIND,EQ,INE192B01031
494,Whirlpool of India Ltd.,CONSUMER GOODS,WHIRLPOOL,EQ,INE716A01013
495,Wipro Ltd.,IT,WIPRO,EQ,INE075A01022
496,Wockhardt Ltd.,PHARMA,WOCKPHARMA,EQ,INE049B01025
497,Yes Bank Ltd.,FINANCIAL SERVICES,YESBANK,EQ,INE528G01027
498,Zee Entertainment Enterprises Ltd.,MEDIA & ENTERTAINMENT,ZEEL,EQ,INE256A01028
499,Zensar Technolgies Ltd.,IT,ZENSARTECH,EQ,INE520A01027
500,Zydus Wellness Ltd.,CONSUMER GOODS,ZYDUSWELL,EQ,INE768C01010
501,eClerx Services Ltd.,IT,ECLERX,EQ,INE738I01010
